{
    " Your product of :auction auction is on shipping": " Your product of :auction auction is on shipping",
    "(filtered1 from :max total entries)": "(filtrado 1 de :max registros)",
    "- Auction": "- Auction",
    ":currency :amount has been added to your account as you have completed your :auction..": ":currency :amount has been added to your account as you have completed your :auction..",
    ":currency :amount withdrawal fee has been added as earning to your balance for this txn id - :txn_id.": ":currency :amount withdrawal fee has been added as earning to your balance for this txn id - :txn_id.",
    ":menu entries": "Registros :menu",
    ":title Settings": "Configuración :title",
    ":type Settings": "Configuración :type",
    ":updateCount setting(s) have been updated!": "¡Se han actualizado :updateCount ajustes!",
    "<strong>:username<\/strong> commented on your auction <strong>:auction<\/strong> :link": "<strong>:username<\/strong> commented on your auction <strong>:auction<\/strong> :link",
    "API Service": "API Service",
    "API Service :": "API Service :",
    "Accept our terms and Conditions.": "Accept our terms and Conditions.",
    "Accept our terms and conditions.": "Acepta nuestros términos y condiciones",
    "Access Denied": "Access Denied",
    "Account Status": "Estado de la cuenta",
    "Account Suspended!": "¡Cuenta suspendida!",
    "Account verification link": "Account verification link",
    "Action": "Acción",
    "Active": "Activo",
    "Add A custom Link": "Agregar un vínculo personalizado",
    "Add Address": "Add Address",
    "Add Field": "Add Field",
    "Add Image": "Add Image",
    "Add LINK": "Añadir enlace",
    "Add New": "Agregar nuevo",
    "Add New Address": "Add New Address",
    "Add Products to Cart": "Agregar productos al carrito",
    "Add Route": "Agregar ruta",
    "Add Routes": "Agregar rutas",
    "Address": "Habla a",
    "Address has been created successfully": "Address has been created successfully",
    "Address has been deleted successfully.": "Address has been deleted successfully.",
    "Address has been updated successfully": "Address has been updated successfully",
    "Address verification is required": "Address verification is required",
    "Addresses": "Addresses",
    "All": "All",
    "All Auctions": "All Auctions",
    "All Fields": "Todos los campos",
    "All rights reserved.": "Todos los derechos reservados.",
    "Allowed": "Allowed",
    "Already have an account?": "Already have an account?",
    "Amount": "Amount",
    "Another action": "Otra acción",
    "Approve": "Approve",
    "Approved": "Approved",
    "Are you sure you want to delete this key?": "¿Está seguro de que desea eliminar esta clave?",
    "Are you sure?": "¿Estás seguro?",
    "Asc": "Asc",
    "Attended Auctions": "Attended Auctions",
    "Auction": "Auction",
    "Auction Completed": "Auction Completed",
    "Auction Completion": "Auction Completion",
    "Auction Details": "Auction Details",
    "Auction Expense": "Auction Expense",
    "Auction Issue": "Auction Issue",
    "Auction Rules": "Auction Rules",
    "Auction Status": "Auction Status",
    "Auction Title": "Auction Title",
    "Auction Type": "Auction Type",
    "Auction Type :": "Auction Type :",
    "Auction Types": "Auction Types",
    "Auction expense": "Auction expense",
    "Auction has been created successfully": "Auction has been created successfully",
    "Auctions": "Auctions",
    "Avatar has been uploaded successfully.": "El avatar se ha subido correctamente",
    "Back": "Atrás",
    "Balance": "Balance",
    "Bangladesh Standard Time": "Hora estándar de Bangladesh",
    "Bank Statement": "Bank Statement",
    "Basic Details of :user": "Detalles básicos de :user",
    "Be right back.": "Vuelvo enseguida.",
    "Become A Seller": "Become A Seller",
    "Become a Seller": "Become a Seller",
    "Beginning Text": "Texto inicial",
    "Bid Increment Difference": "Bid Increment Difference",
    "Bid Increment Difference :": "Bid Increment Difference :",
    "Bid Initial Price": "Bid Initial Price",
    "Bid Start From": "Bid Start From",
    "Bid Your Amount": "Bid Your Amount",
    "Bidder": "Bidder",
    "Bidding": "Bidding",
    "Bidding Cost": "Bidding Cost",
    "Bidding Fee :": "Bidding Fee :",
    "Bidding History": "Bidding History",
    "Bigger Than": "Más grande que",
    "Bigger or Equal to": "Mayor o igual a",
    "Blind Bidder Auction": "Blind Bidder Auction",
    "Both": "Both",
    "CPU Traffic": "Tráfico de CPU",
    "Cancel": "Cancelar",
    "Canceled": "Canceled",
    "Category": "Category",
    "Category Name": "Category Name",
    "Category has been created successfully": "Category has been created successfully",
    "Category has been deleted successfully.": "Category has been deleted successfully.",
    "Category has been updated successfully": "Category has been updated successfully",
    "Change": "Cambio",
    "Change Avatar": "Cambiar avatar",
    "Change Password": "Cambia la contraseña",
    "Change Profile Picture": "Change Profile Picture",
    "Choose Default Address": "Choose Default Address",
    "Choose a method": "Choose a method",
    "City :": "City :",
    "Claim Money": "Claim Money",
    "Claimed": "Claimed",
    "Click Here To View": "Click Here To View",
    "Click the following link to login your account.": "Click the following link to login your account.",
    "Click the following link to verify your account.": "Haga clic en el siguiente enlace para verificar su cuenta",
    "Comment": "Comment",
    "Comment has been deleted successfully.": "Comment has been deleted successfully.",
    "Comment has been submitted successfully": "Comment has been submitted successfully",
    "Comments": "Comments",
    "Completed": "Completed",
    "Confirm": "Confirmar",
    "Confirm New Password": "Confirmar nueva contraseña",
    "Confirm new password": "Confirmar nueva contraseña",
    "Congratulations you won the Auction!": "Congratulations you won the Auction!",
    "Contact": "Contact",
    "Contact Number": "Contact Number",
    "Contact Number :": "Contact Number :",
    "Contact Us": "Contact Us",
    "Content": "Contenido",
    "Contest Title": "Contest Title",
    "Copyright": "Derechos de autor",
    "Could not able to make this address Default": "Could not able to make this address Default",
    "Country :": "Country :",
    "Create": "Crear",
    "Create Auction": "Create Auction",
    "Create Category": "Create Category",
    "Create Currency": "Create Currency",
    "Create New Address": "Create New Address",
    "Create New Language": "Crear nuevo idioma",
    "Create New Notice": "Crear nuevo aviso",
    "Create New User": "Crear nuevo usuario",
    "Create Notice": "Crear aviso",
    "Create One": "Create One",
    "Create Payment Method": "Create Payment Method",
    "Create Report": "Create Report",
    "Create Section": "Create Section",
    "Create Slider": "Create Slider",
    "Create User": "Crear usuario",
    "Create User Role": "Crear función de usuario",
    "Create Your Account": "Crea tu cuenta",
    "Create a store": "Create a store",
    "Create your Account": "Crea tu cuenta",
    "Created": "Created",
    "Created At": "Created At",
    "Created Auctions": "Created Auctions",
    "Created Date": "Fecha de creación",
    "Credit": "Credit",
    "Currency": "Currency",
    "Currency Name": "Currency Name",
    "Currency Name :": "Currency Name :",
    "Currency has been created Successfully": "Currency has been created Successfully",
    "Current Password": "Contraseña actual",
    "Current password is wrong.": "La contraseña actual es incorrecta",
    "Dashboard": "Tablero",
    "Date": "En tu casa",
    "Debit": "Debit",
    "Decline": "Decline",
    "Default": "Defecto",
    "Default language cannot be deleted.": "El idioma predeterminado no se puede eliminar.",
    "Delete": "Eliminar",
    "Delete All Files": "Borrar todos los archivos",
    "Delete Current File": "Eliminar archivo actual",
    "Deleted": "Eliminado",
    "Delivery Date :": "Delivery Date :",
    "Deposit": "Deposit",
    "Deposit History": "Deposit History",
    "Deposit system is currently Inactive": "Deposit system is currently Inactive",
    "Deposit to Escrow": "Deposit to Escrow",
    "Desc": "Desc",
    "Description": "Descripción",
    "Description :": "Description :",
    "Details": "Detalles",
    "Dimension : width and height 1000px * 400px": "Dimension : width and height 1000px * 400px",
    "Disable": "Inhabilitar",
    "Disabled": "Discapacitado",
    "Dispute Details": "Dispute Details",
    "Dispute Status": "Dispute Status",
    "Dispute Status :": "Dispute Status :",
    "Dispute Title": "Dispute Title",
    "Dispute Type": "Dispute Type",
    "Dispute Type :": "Dispute Type :",
    "Dispute has been submitted.": "Dispute has been submitted.",
    "Disputed On": "Disputed On",
    "Do you want to active this role?": "¿Quieres activar este rol?",
    "Do you want to delete this role?": "¿Quieres eliminar este rol?",
    "Do you want to disable this role?": "¿Quieres inhabilitar esta función?",
    "Don not have an account?": "Don not have an account?",
    "Download": "Descargar",
    "Driving License": "Driving License",
    "Earning": "Earning",
    "Earning from bidding fee": "Earning from bidding fee",
    "Earning from selling fee": "Earning from selling fee",
    "Edit": "Editar",
    "Edit - :title Settings": "Editar configuración de :title",
    "Edit - :type Settings": "Editar Configuración :type",
    "Edit :settingName Setting": "Editar ajuste de :settingName",
    "Edit Address Information": "Edit Address Information",
    "Edit Comment": "Edit Comment",
    "Edit Info": "Editar información",
    "Edit Information": "Editar informacion",
    "Edit Language": "Editar idioma",
    "Edit Layout": "Edit Layout",
    "Edit Notices": "Editar avisos",
    "Edit Profile": "Editar perfil",
    "Edit Setting": "Editar la configuración",
    "Edit Slider": "Edit Slider",
    "Edit Status": "Editar estado",
    "Edit Store": "Edit Store",
    "Edit Store Information": "Edit Store Information",
    "Edit System Notice": "Editar aviso del sistema",
    "Edit User": "Editar usuario",
    "Edit User Role": "Editar función de usuario",
    "Edit User Role: :roleName": "Editar Rol Ususario :roleName",
    "Edit User Status": "Editar estado de usuario",
    "Email": "Correo electrónico",
    "Email Address": "Email Address",
    "Email Status": "Estado del correo electrónico",
    "Email Unverified!": "¡Correo electrónico no verificado!",
    "Email verification link is sent successfully.": "El enlace de verificación de correo electrónico se envió correctamente.",
    "Enabled": "Habilitado",
    "End Time": "Hora de finalización",
    "Ending Date": "Ending Date",
    "Ending Text": "Texto final",
    "Ends": "Ends",
    "Enter current password": "Introducir la contraseña actual",
    "Enter new password": "Ingrese nueva clave",
    "Escrow Auction Reversal": "Escrow Auction Reversal",
    "Escrow fund release": "Escrow fund release",
    "Exact to": "Exacto a",
    "Example : Home Page main slider": "Example : Home Page main slider",
    "Example : Recent": "Example : Recent",
    "Expected date of Product receiving": "Expected date of Product receiving",
    "Expired verification link.": "Enlace de verificación caducado",
    "Extra Class": "Clase extra",
    "Failed": "Failed",
    "Failed To Dispute.": "Failed To Dispute.",
    "Failed to Create Address": "Failed to Create Address",
    "Failed to Submit": "Failed to Submit",
    "Failed to Update Address": "Failed to Update Address",
    "Failed to change password.": "No se pudo cambiar la contraseña",
    "Failed to change the status": "Failed to change the status",
    "Failed to create Auction": "Failed to create Auction",
    "Failed to create Category": "Failed to create Category",
    "Failed to create Currency": "Failed to create Currency",
    "Failed to create Payment method": "Failed to create Payment method",
    "Failed to create Slider": "Failed to create Slider",
    "Failed to create language.": "No se pudo crear el idioma",
    "Failed to create new layout": "Failed to create new layout",
    "Failed to create notice.": "No se pudo crear el aviso",
    "Failed to create the store": "Failed to create the store",
    "Failed to create user role.": "No se pudo crear el rol de usuario",
    "Failed to create user.": "No se pudo crear el usuario",
    "Failed to delete file.": "No se pudo borrar el archivo.",
    "Failed to delete system notice.": "No se pudo borrar el aviso del sistema.",
    "Failed to deposit. Please try again.": "Failed to deposit. Please try again.",
    "Failed to find the request": "Failed to find the request",
    "Failed to mark as read.": "No se pudo marcar como leído",
    "Failed to mark as unread.": "No se pudo marcar como no leído",
    "Failed to place the bid.": "Failed to place the bid.",
    "Failed to release the money": "Failed to release the money",
    "Failed to rename file.": "No se pudo cambiar el nombre del archivo.",
    "Failed to set new password. Please try again.": "No se pudo establecer la nueva contraseña. Vuelva a intentarlo.",
    "Failed to submit": "Failed to submit",
    "Failed to submit the comment": "Failed to submit the comment",
    "Failed to submit the request": "Failed to submit the request",
    "Failed to submit your description": "Failed to submit your description",
    "Failed to update Address": "Failed to update Address",
    "Failed to update Currency": "Failed to update Currency",
    "Failed to update Payment method": "Failed to update Payment method",
    "Failed to update category": "Failed to update category",
    "Failed to update language.": "No se pudo actualizar el idioma.",
    "Failed to update profile.": "No se pudo actualizar el perfil",
    "Failed to update status": "Failed to update status",
    "Failed to update system notice.": "No se pudo actualizar el aviso del sistema",
    "Failed to update user": "No se pudo actualizar el usuario",
    "Failed to update user role.": "No se pudo actualizar la función del usuario",
    "Failed to update user status.": "No se pudo actualizar el estado del usuario",
    "Failed to upload Information": "Failed to upload Information",
    "Failed to upload the avatar.": "No se pudo cargar el avatar.",
    "Failed to withdraw the amount. Please try again.": "Failed to withdraw the amount. Please try again.",
    "Failed! Your account is deleted by system.": "Falló. El sistema borró su cuenta.",
    "Financial Status": "Estado financiero",
    "Financial Suspension": "Suspensión financiera",
    "Financially Suspended!": "Suspendido financieramente",
    "First Name": "Nombre de pila",
    "Fixed Amount": "Fixed Amount",
    "Forgot Password?": "¿Se te olvidó tu contraseña?",
    "Free": "Free",
    "GOAL COMPLETIONS": "OBJETIVOS COMPLETADOS",
    "Get Password Reset Link": "Obtener enlace de restablecimiento de contraseña",
    "Get verification email": "Obtener correo electrónico de verificación",
    "Go Back": "Go Back",
    "Go Home": "Vete a casa",
    "Go Profile": "Ir a perfil",
    "Go to link": "Go to link",
    "Goal Completion": "Consecución de objetivos",
    "Have you received the product yet?": "Have you received the product yet?",
    "Hello": "Hola",
    "Hello, Admin": "Hello, Admin",
    "Highest Bid Amount:": "Highest Bid Amount:",
    "Highest Bidder Auction": "Highest Bidder Auction",
    "Highest Price Auction": "Highest Price Auction",
    "Highest bidder auction will be created by seller so the rest of auctions. Minimum bid amount will be given by auction creator. After creating auction any user who is": "Highest bidder auction will be created by seller so the rest of auctions. Minimum bid amount will be given by auction creator. After creating auction any user who is",
    "Home": "Hogar",
    "ID verification is required": "ID verification is required",
    "Icon": "Icono",
    "Id": "Id",
    "Identification Type": "Identification Type",
    "Identification With :": "Identification With :",
    "If You have not received the product in time, Please Report Here.": "If You have not received the product in time, Please Report Here.",
    "If it is late then the given time by seller, please contact with him\/her for more details.": "If it is late then the given time by seller, please contact with him\/her for more details.",
    "Images": "Images",
    "In": "In",
    "In Percent": "In Percent",
    "Inactive": "Inactivo",
    "Incorrect :field or password": ":field o contraseña Incorrecto",
    "Information": "Information",
    "Information has been uploaded successfully": "Information has been uploaded successfully",
    "Initial Price": "Initial Price",
    "Invaild request": "Solicitud de invasión",
    "Invalid Request!": "Invalid Request!",
    "Invalid data in field(s)": "Datos no válidos en los campos",
    "Invalid data in field(s).": "Datos no válidos en los campos",
    "Invalid payment method.": "Invalid payment method.",
    "Invalid verification link or already verified.": "Enlace de verificación no válido o ya verificado",
    "Language List": "Lista de idiomas",
    "Language Settings": "Opciones de lenguaje",
    "Language [:lang] has been created successfully.": "El idioma  [:lang] se ha creado correctamente.",
    "Language [:lang] has been deleted successfully.": "El idioma [:lang] se ha eliminado correctamente.",
    "Language [:lang] has been updated successfully.": "El idioma [:lang] se ha actualizado correctamente.",
    "Language could not found or invalid.": "El idioma no se pudo encontrar o no es válido.",
    "Languages": "Idiomas",
    "Last Name": "Apellido",
    "Latest Members": "Últimos miembros",
    "Layout ID": "Layout ID",
    "Layout Title": "Layout Title",
    "Layout Type": "Layout Type",
    "Less or equal to": "Menor o igual a",
    "Level": "Nivel",
    "Likes": "Gustos",
    "Link": "Enlace",
    "Link :": "Link :",
    "Log file > 50M, please download it.": "Archivo de registro> 50 M, descárguelo",
    "Log out": "Log out",
    "Login": "Iniciar sesión",
    "Login Panel": "Panel de inicio de sesión",
    "Login is successful.": "El inicio de sesión es exitoso",
    "Logo": "Logo",
    "Logs": "Registros",
    "Lowest Price Auction": "Lowest Price Auction",
    "MAIN NAVIGATION": "MAIN NAVIGATION",
    "Maintenance Access Status": "Estado de acceso de mantenimiento",
    "Make Active": "Make Active",
    "Make Default": "Make Default",
    "Make InActive": "Make InActive",
    "Manage Auction": "Manage Auction",
    "Manage Profile": "Manage Profile",
    "Manage Reports": "Manage Reports",
    "Manage Store": "Manage Store",
    "Mark as read": "Marcar como leído",
    "Mark as unread": "Marcar como no leído",
    "Menu Icon": "Icono de menú",
    "Menu Items": "Elementos de menú",
    "Menu can not be saved": "El menú no se puede guardar",
    "Menu has been saved successfully": "El menú se ha guardado correctamente",
    "Message has been send successfully": "Message has been send successfully",
    "Minimum Bid Amount :": "Minimum Bid Amount :",
    "Money Release Status": "Money Release Status",
    "Money already released": "Money already released",
    "Money release has been successful": "Money release has been successful",
    "Monthly Recap Report": "Informe de resumen mensual",
    "Multi Bid": "Multi Bid",
    "Multiple Bid Allowed :": "Multiple Bid Allowed :",
    "My All Auctions": "My All Auctions",
    "My All Reports": "My All Reports",
    "My Bid": "My Bid",
    "My Finance": "My Finance",
    "My Notifications": "My Notifications",
    "My Transactions": "My Transactions",
    "My Wallet": "My Wallet",
    "Name": "Nombre",
    "Name :": "Name :",
    "National ID Card": "National ID Card",
    "Navigation": "Navegación",
    "Navigation Label": "Etiqueta de navegación",
    "Network Fee": "Network Fee",
    "New Key...": "Nueva llave ...",
    "New Layout has been created Successfully": "New Layout has been created Successfully",
    "New Members": "Nuevos miembros",
    "New Password": "Nueva contraseña",
    "New password is updated. Please login your account.": "Se actualizó la nueva contraseña. Inicie sesión en su cuenta.",
    "Next Minimum Bid Amount :": "Next Minimum Bid Amount :",
    "No": "No",
    "No action available": "No action available",
    "No bidder found, No buyer posted any offer": "No bidder found, No buyer posted any offer",
    "No data available in table": "No hay datos disponibles en la tabla",
    "No entries found": "No se encontró registros",
    "No matching records found": "No se encontraron registros coincidentes",
    "No translation match with your search key.": "Ninguna traducción coincide con su clave de búsqueda",
    "Not Allowed": "Not Allowed",
    "Not Equal": "No es igual",
    "Not Found!": "¡No existe!",
    "Note :": "Note :",
    "Note : You will not be able to delete currencies after creating one": "Note : You will not be able to delete currencies after creating one",
    "Notice": "Notificación",
    "Notice has been created successfully.": "La notificación se ha creado correctamente.",
    "Notices": "Notificación",
    "Notifications": "Notifications",
    "On Bidding": "On Bidding",
    "On Investigation": "On Investigation",
    "On Order": "On Order",
    "Open link in a new window\/tab": "Abrir enlace en una nueva ventana\/pestaña",
    "Other issue": "Other issue",
    "Outside deposit deduction": "Outside deposit deduction",
    "Paid": "Paid",
    "Passport": "Passport",
    "Password": "Contraseña",
    "Password has been changed successfully.": "La contraseña se ha cambiado correctamente.",
    "Password reset link is sent to your email address.": "El enlace de restablecimiento de contraseña se envía a su dirección de correo electrónico.",
    "Payment Method": "Payment Method",
    "Payment Method Name": "Payment Method Name",
    "Payment method has been created successfully": "Payment method has been created successfully",
    "Payment method has been updated successfully": "Payment method has been updated successfully",
    "Paypal": "Paypal",
    "Paypal payment method is unavailable.": "Paypal payment method is unavailable.",
    "Pending": "Pending",
    "Personal Information": "Personal Information",
    "Phone: ": "Phone: ",
    "Please Submit Delivery date :": "Please Submit Delivery date :",
    "Please click on the following link to reset password -\" ) }}\n\n@component('mail::button": "Please click on the following link to reset password -\" ) }}\n\n@component('mail::button",
    "Please click on the following link to reset password -\") }}\n\n@component('mail::button": "Haga clic en el siguiente enlace para restablecer la contraseña -\") }}\n\n@componente ('mail::button",
    "Please contact administrator to get back your account.": "Comuníquese con el administrador para recuperar su cuenta",
    "Please contact administrator to get back your financial access.": "Comuníquese con el administrador para recuperar su acceso financiero",
    "Please let us know if you have received the product.": "Please let us know if you have received the product.",
    "Please verify your email address to explore permitted access paths in full.": "Verifique su dirección de correo electrónico para explorar las rutas de acceso permitidas en su totalidad",
    "Please wait till admin resolve the report": "Please wait till admin resolve the report",
    "Popular Auction": "Popular Auction",
    "Popular Categories": "Popular Categories",
    "Price": "Price",
    "Primary": "Primary",
    "Product Claim Status": "Product Claim Status",
    "Product Description": "Product Description",
    "Profile": "Perfil",
    "Profile Image": "Imagen de perfil",
    "Profile has been updated successfully.": "El perfil se ha actualizado correctamente.",
    "Read": "Leer",
    "Received :currency :amount as :auction completion fee": "Received :currency :amount as :auction completion fee",
    "Recent Auction": "Recent Auction",
    "Recommended Content amount is 6": "Recommended Content amount is 6",
    "Ref ID": "Ref ID",
    "Reference ID :": "Reference ID :",
    "Reference ID does not match": "Reference ID does not match",
    "Register": "Registrarse",
    "Registered Date": "La fecha registrada",
    "Registration": "Registration",
    "Registration failed. Please try after sometime.": "Falló el registro. Inténtelo más tarde.",
    "Registration is currently disabled.": "El registro está actualmente deshabilitado.",
    "Registration is successful.": "Registration is successful.",
    "Registration successful. Please check your email to verify your account.": "Registro exitoso. Verifique su correo electrónico para verificar su cuenta",
    "Release Money": "Release Money",
    "Remember Me": "Recuérdame",
    "Remove": "Eliminar",
    "Report": "Report",
    "Report An Issue": "Report An Issue",
    "Report Auction": "Report Auction",
    "Report Status": "Report Status",
    "Report Title": "Report Title",
    "Reported On": "Reported On",
    "Reported by Buyer": "Reported by Buyer",
    "Request Deposit": "Request Deposit",
    "Request Pending": "Request Pending",
    "Request has been Declined": "Request has been Declined",
    "Request has been submitted successfully": "Request has been submitted successfully",
    "Resend verification link": "Reenviar enlace de verificación",
    "Reset": "Reiniciar",
    "Reset Password": "Restablecer la contraseña",
    "Review": "Review",
    "Role": "Role",
    "Role Management": "Gestión de roles",
    "Role Name": "Nombre de rol",
    "Route: :route": "Ruta: :route",
    "Rules": "Rules",
    "SITE NAVIGATION": "SITE NAVIGATION",
    "Sales": "Ventas",
    "Save": "Guardar",
    "Save Menu": "Guardar menú",
    "Saved successfully.": "Guardado exitosamente.",
    "Search": "Buscar",
    "Section": "Section",
    "Section :": "Section :",
    "See All Auctions": "See All Auctions",
    "See all notifications": "See all notifications",
    "Select": "Seleccione",
    "Select API Service": "Select API Service",
    "Select Auction Type": "Select Auction Type",
    "Select Category": "Select Category",
    "Select Country": "Select Country",
    "Select Currency Type": "Select Currency Type",
    "Select Icon": "Seleccionar icono",
    "Select Nav": "Seleccionar navegación",
    "Select Payment Method": "Select Payment Method",
    "Select Role": "Seleccionar rol",
    "Select Section Type": "Select Section Type",
    "Select State": "Select State",
    "Select Status": "Seleccionar estado",
    "Select a key from the list to the left": "Seleccione una clave de la lista de la izquierda",
    "Select type": "Seleccione tipo",
    "Seller Issue": "Seller Issue",
    "Seller Profile": "Seller Profile",
    "Send": "Enviar",
    "Send Inquiries": "Enviar consultas",
    "Send Verification Link": "Enviar enlace de verificación",
    "Separated link": "Enlace separado",
    "Serial": "Serial",
    "Session expired due to inactivity. Please reload page": "La sesión caducó por inactividad. Vuelva a cargar la página",
    "Session expired due to inactivity. Please try again": "La sesión caducó por inactividad. Vuelva a intentarlo",
    "Setting": "Ajuste",
    "Shipping": "Shipping",
    "Shipping Description": "Shipping Description",
    "Shipping Status :": "Shipping Status :",
    "Shipping instruction :": "Shipping instruction :",
    "Shipping issue": "Shipping issue",
    "Short Code": "Short Code",
    "Show": "Mostrar",
    "Showing :start to :end of _TOTAL_ entries": "Mostrando :start de :end of _TOTAL_ entries",
    "Similar to": "Similar a",
    "Slider Details": "Slider Details",
    "Slider ID": "Slider ID",
    "Slider Title": "Slider Title",
    "Slider has been created successfully": "Slider has been created successfully",
    "Slider has been deleted": "Slider has been deleted",
    "Slug Name": "Slug Name",
    "Smaller than": "Menor que",
    "Solved": "Solved",
    "Something else here": "Algo más aquí",
    "Sorry you can not comment here, verify your account first": "Sorry you can not comment here, verify your account first",
    "Sorry, The :currency currency is unavailable right now": "Sorry, The :currency currency is unavailable right now",
    "Sort by": "Ordenar por",
    "Stacktrace": "Stacktrace",
    "Start At": "Start At",
    "Start Time": "Hora de inicio",
    "Starting Date": "Starting Date",
    "Starting Price": "Starting Price",
    "State :": "State :",
    "Status": "Estado",
    "Status :": "Status :",
    "Status Details of :user": "Detalles de estado de :user",
    "Status has been changed successfully": "Status has been changed successfully",
    "Status has been updated successfully": "Status has been updated successfully",
    "Store": "Store",
    "Store Address": "Store Address",
    "Store Information": "Store Information",
    "Store Management": "Store Management",
    "Store Name": "Store Name",
    "Store has been created Successfully": "Store has been created Successfully",
    "Street Address :": "Street Address :",
    "Submission has been failed": "Submission has been failed",
    "Submission has been successful.": "Submission has been successful.",
    "Submit": "Submit",
    "Submit Address": "Submit Address",
    "Submit Date": "Submit Date",
    "Submit Report": "Submit Report",
    "Successful": "Successful",
    "Suspended": "Suspendido",
    "Suspended Account": "Cuenta suspendida",
    "Symbol": "Symbol",
    "Symbol :": "Symbol :",
    "Sync": "Sincronizar",
    "Sync completed. Newly :add keys added.": "Sincronización completada. Recientemente :add keys agregadas.",
    "System": "System",
    "System Fee": "System Fee",
    "System Notice": "Aviso del sistema",
    "System auction fee earning": "System auction fee earning",
    "System notice has been deleted successfully.": "El aviso del sistema se ha eliminado correctamente.",
    "System notice has been updated successfully.": "El aviso del sistema se ha actualizado correctamente.",
    "System selling fee earning": "System selling fee earning",
    "System withdrawal fees earning": "System withdrawal fees earning",
    "TOTAL COST": "COSTE TOTAL",
    "TOTAL PROFIT": "BENEFICIO TOTAL",
    "TOTAL REVENUE": "LOS INGRESOS TOTALES",
    "Table Data": "Datos de la tabla",
    "Term Description": "Term Description",
    "Terms Description": "Terms Description",
    "Thank you for registering on :companyName.": "Gracias por registrarse en :companyName.",
    "Thanks You,": "Thanks You,",
    "Thanks a lot for being with us,": "Muchas gracias por estar con nosotros",
    "The Request has been Approved": "The Request has been Approved",
    "The given email address is already verified.": "La dirección de correo electrónico proporcionada ya está verificada.",
    "The given email is not registered.": "El correo electrónico proporcionado no está registrado.",
    "The navigation slug is invalid": "La barra de navegación no es válida",
    "The notice has been marked as read.": "El aviso ha sido marcado como leído.",
    "The notice has been marked as unread.": "El aviso se ha marcado como no leído.",
    "The page you are looking for might be changed, removed or not exists. Go back and try other links": "La página que está buscando puede haber sido modificada, eliminada o no existe. Regrese y pruebe con otros enlaces",
    "The password has been generated automatically. We are recommending to change your password after login your account.": "La contraseña se ha generado automáticamente. Recomendamos cambiar su contraseña después de iniciar sesión en su cuenta.",
    "The payment is created successfully.": "The payment is created successfully.",
    "The role name field is required.": "El campo del nombre de la función es obligatorio.",
    "The role name has already been taken.": "El nombre del rol ya se ha tomado.",
    "The roles must have at least one access selected.": "Los roles deben tener al menos un acceso seleccionado.",
    "The selected value is invalid.": "El valor seleccionado no es válido.",
    "The transaction has been approved by PayPal!": "The transaction has been approved by PayPal!",
    "The transaction has been canceled!": "The transaction has been canceled!",
    "The transaction has been declined by PayPal!": "The transaction has been declined by PayPal!",
    "The website is still under maintenance mode. send us an email anytime :email": "El sitio está en mantenimiento. Envíenos un mail a :email para consultas o contacto",
    "There is no item in the menu": "No hay ningún elemento en el menú",
    "There is nothing to be changed!": "¡No hay nada que cambiar!",
    "This Address can not be deleted.": "This Address can not be deleted.",
    "This Category can not be deleted.": "This Category can not be deleted.",
    "This Comment can not be deleted.": "This Comment can not be deleted.",
    "This Dispute has been marked as read.": "This Dispute has been marked as read.",
    "This Dispute has been marked as unread.": "This Dispute has been marked as unread.",
    "This field is required.": "Este campo es requerido.",
    "This field may not be greater than :max.": "Este campo no puede ser mayor que :max.",
    "This field may not be greater than :size.": "Este campo no puede ser mayor que :size",
    "This field must be [png, jpg, jpge, gif].": "Este campo debe ser [png, jpg, jpge, gif]",
    "This field must be array.": "Este campo debe ser una matriz.",
    "This field must be at least :min.": "Este campo debe ser al menos :min.",
    "This field must be between 0 and 9 digits.": "Este campo debe tener entre 0 y 9 dígitos.",
    "This field must be boolean.": "Este campo debe ser booleano.",
    "This field must be email.": "Este campo debe ser correo electrónico.",
    "This field must be integer.": "Este campo debe ser entero.",
    "This field must be numeric.": "Este campo debe ser numérico.",
    "This layout is already existed": "This layout is already existed",
    "This new key field is required": "Este nuevo campo clave es obligatorio",
    "This new key value field is required": "Este nuevo campo de valor clave es obligatorio",
    "This role cannot be deleted.": "Esta función no se puede eliminar",
    "Time": "Time",
    "Title": "Título",
    "Title :": "Title :",
    "Today": "Hoy",
    "Total Bids :": "Total Bids :",
    "Total Content": "Total Content",
    "Total Content :": "Total Content :",
    "Transaction History": "Transaction History",
    "Transaction ID": "Transaction ID",
    "Transaction Type": "Transaction Type",
    "Transaction issue": "Transaction issue",
    "Txn ID": "Txn ID",
    "Type": "Tipo",
    "Unable to delete": "Unable to delete",
    "Unable to make default": "Unable to make default",
    "Unable to send message": "Unable to send message",
    "Unauthorized!": "¡No autorizado!",
    "Under Maintenance": "En mantenimiento",
    "Unique Bidder Auction": "Unique Bidder Auction",
    "Unread": "No leído",
    "Unverified": "Inconfirmado",
    "Unverified Account": "Cuenta no verificada",
    "Update": "Actualizar",
    "Update :settingName Setting": "Ajuste Configuración de :settingName",
    "Update Category": "Update Category",
    "Update Currency": "Update Currency",
    "Update Information": "Actualizar información",
    "Update Password": "Actualiza contraseña",
    "Update Payment Method": "Update Payment Method",
    "Update Status": "Estado de actualización",
    "Updated": "Updated",
    "Updated At": "Updated At",
    "Upload Avatar": "Subir avatar",
    "Upload avatar 300x300 and less than or equal 2MB.": "Subir avatar de 300 x 300 e inferior o igual a 2 MB",
    "Upload new avatar": "Subir nuevo avatar",
    "Us": "Us",
    "Use As Mega Menu": "Usar como mega menú",
    "User": "User",
    "User Address": "User Address",
    "User Group": "Grupo de usuario",
    "User Name": "User Name",
    "User Role": "Rol del usuario",
    "User has been created successfully.": "El usuario se ha creado correctamente.",
    "User has been updated successfully.": "El usuario se ha actualizado correctamente.",
    "User role has been changed successfully.": "La función del usuario se ha cambiado correctamente.",
    "User role has been created successfully.": "La función de usuario se ha creado correctamente.",
    "User role has been deleted successfully.": "La función de usuario se ha eliminado correctamente.",
    "User role has been updated successfully.": "La función de usuario se ha actualizado correctamente",
    "User role status can not be changed.": "El estado de la función del usuario no se puede cambiar",
    "User setting has been updated successfully.": "La configuración de usuario se ha actualizado correctamente.",
    "User status has been updated successfully.": "El estado del usuario se ha actualizado correctamente.",
    "Username": "Nombre de usuario",
    "Users": "Usuarios",
    "Utility Bill": "Utility Bill",
    "Verification Review": "Verification Review",
    "Verification Status :": "Verification Status :",
    "Verification Type": "Verification Type",
    "Verified": "Verificado",
    "Verify": "Verificar",
    "Verify Account": "Verificar Cuenta",
    "Verify With Address": "Verify With Address",
    "Verify With Id": "Verify With Id",
    "Verify Your Account": "Verify Your Account",
    "Verify Your Address": "Verify Your Address",
    "Verify Your Identity": "Verify Your Identity",
    "Vickrey Bidder Auction": "Vickrey Bidder Auction",
    "View :settingName Setting": "Ver configuración de :settingName",
    "View All Users": "Ver todos los usuarios",
    "View Comment": "View Comment",
    "View Information": "Ver información",
    "View User": "Ver usuario",
    "Visit Premium Page": "Visitar página premium",
    "Wallet deposit": "Wallet deposit",
    "Wallet withdrawal request": "Wallet withdrawal request",
    "Welcome to :companyName. Please use the following credentials to log in your account on our platform :": "Bienvenido a :settingName. Utilice las siguientes credenciales para iniciar sesión en su cuenta en nuestra plataforma:",
    "Winner Address :": "Winner Address :",
    "Winner earning fee": "Winner earning fee",
    "Winner of :auction auction :winner has submitted the shipping address": "Winner of :auction auction :winner has submitted the shipping address",
    "With Address": "With Address",
    "With ID": "With ID",
    "Withdraw": "Withdraw",
    "Withdrawal": "Withdrawal",
    "Withdrawal Fee": "Withdrawal Fee",
    "Withdrawal History": "Withdrawal History",
    "Withdrawal Processes": "Withdrawal Processes",
    "Withdrawal Request": "Withdrawal Request",
    "Withdrawal confirmation outside": "Withdrawal confirmation outside",
    "Withdrawal system is currently Inactive": "Withdrawal system is currently Inactive",
    "Won Auctions": "Won Auctions",
    "Yes": "Yes",
    "Yesterday": "Ayer",
    "You account is permanently deleted.": "Tu cuenta se elimina de forma permanente",
    "You are not allowed to log in under maintenance mode.": "No se le permite iniciar sesión en modo de mantenimiento.",
    "You are not authorized to access this page.": "No tiene permisos para acceder a esta página.",
    "You are one step away. Click the following link to verify your account.": "Estás a un paso. Haz clic en el siguiente enlace para verificar tu cuenta",
    "You can not bid again, Multiple bid is not allowed": "You can not bid again, Multiple bid is not allowed",
    "You can not bid less than base price": "You can not bid less than base price",
    "You can not bid less than minimum bid amount": "You can not bid less than minimum bid amount",
    "You can not create same section twice, Check layout list if searching for a section is already created or not": "You can not create same section twice, Check layout list if searching for a section is already created or not",
    "You cannot change primary user's status.": "No se puede cambiar el estado del usuario principal",
    "You cannot change your own status.": "No puedes cambiar tu propio estado",
    "You do not have sufficient balance": "You do not have sufficient balance",
    "You have :count notifications": "Tienes :count notificaciones",
    "You have not submitted your address yet": "You have not submitted your address yet",
    "You just changed your account's password.": "Acabas de cambiar la contraseña de tu cuenta",
    "You just reset your account's password successfully.": "Acabas de restablecer la contraseña de tu cuenta correctamente.",
    "You just won the :auction, please submit your address": "You just won the :auction, please submit your address",
    "You just won the :auction, please submit your address here": "You just won the :auction, please submit your address here",
    "Your :currency :amount has been adjusted with your last bid on :auction": "Your :currency :amount has been adjusted with your last bid on :auction",
    "Your :currency :amount has been charged as bidding fee on :auction": "Your :currency :amount has been charged as bidding fee on :auction",
    "Your :currency :amount has been charged from your balance on bidding :auction": "Your :currency :amount has been charged from your balance on bidding :auction",
    "Your :currency :amount has been restored to your balance from bidding on :auction": "Your :currency :amount has been restored to your balance from bidding on :auction",
    "Your :currency :amount has been restored to your wallet on bidding to :auction": "Your :currency :amount has been restored to your wallet on bidding to :auction",
    "Your Last Bid :": "Your Last Bid :",
    "Your account has been created on :company": "Your account has been created on :company",
    "Your account has been verified successfully.": "Su cuenta se ha verificado correctamente.",
    "Your account's financial status has been changed by admin.": "El administrador ha cambiado el estado financiero de su cuenta",
    "Your account's maintenance mode access has been changed by admin.": "El administrador ha cambiado el acceso al modo de mantenimiento de su cuenta",
    "Your account's role has been changed by admin.": "El administrador ha cambiado la función de su cuenta",
    "Your account's status has been changed by admin.": "El administrador ha cambiado el estado de su cuenta",
    "Your bid has been placed successfully": "Your bid has been placed successfully",
    "Your deposit request of :currency :amount has been approved by :paymentMethod with Txn ID - :txnId. The amount will be transferred after :paymentMethod confirmation.": "Your deposit request of :currency :amount has been approved by :paymentMethod with Txn ID - :txnId. The amount will be transferred after :paymentMethod confirmation.",
    "Your deposit request of :currency :amount has been confirmed by :paymentMethod with Txn ID - :txnId. The amount has been already added to your balance.": "Your deposit request of :currency :amount has been confirmed by :paymentMethod with Txn ID - :txnId. The amount has been already added to your balance.",
    "Your deposit request of :currency :amount has been declined by :paymentMethod with Txn ID - :txnId.": "Your deposit request of :currency :amount has been declined by :paymentMethod with Txn ID - :txnId.",
    "Your description has been submitted successfully": "Your description has been submitted successfully",
    "Your email verification status has been changed by admin.": "El administrador ha cambiado el estado de verificación de su correo electrónico",
    "Your withdrawal request of :currency :amount to :address has been approved by :paymentMethod with Ref ID - :refId . The amount will be transferred after :paymentMethod confirmation.": "Your withdrawal request of :currency :amount to :address has been approved by :paymentMethod with Ref ID - :refId . The amount will be transferred after :paymentMethod confirmation.",
    "Your withdrawal request of :currency :amount to :address has been confirmed by :paymentMethod with Txn ID - :txnId. The amount has been transferred already.": "Your withdrawal request of :currency :amount to :address has been confirmed by :paymentMethod with Txn ID - :txnId. The amount has been transferred already.",
    "Your withdrawal request of :currency :amount to :address has been declined by :paymentMethod with Txn ID - :txnId.": "Your withdrawal request of :currency :amount to :address has been declined by :paymentMethod with Txn ID - :txnId.",
    "Your withdrawal request of :currency :amount to :address has been failed with Ref ID - :refId. The amount has been reversed to your balance.": "Your withdrawal request of :currency :amount to :address has been failed with Ref ID - :refId. The amount has been reversed to your balance.",
    "Zip \/ Post Code :": "Zip \/ Post Code :",
    "account status": "estado de la cuenta",
    "activate to sort column ascending": "activar para ordenar la columna de forma ascendente",
    "activate to sort column descending": "activar para ordenar la columna de forma descendente",
    "add comment": "add comment",
    "all deposit": "all deposit",
    "all transactions": "all transactions",
    "all withdrawal": "all withdrawal",
    "email status": "estado del correo electrónico",
    "financial status": "estado financiero",
    "here": "here",
    "maintenace access status": "estado de acceso al mantenimiento",
    "name": "name",
    "no.": "No.",
    "read_at": "read_at",
    "registered as a buyer": "registered as a buyer",
    "showing: :currentItem <span>:current<\/span> of <span>:total<\/span> :itemname": "mostrando:currentItem :current de :total :itemname",
    "user role": "rol del usuario",
    "will be able to join in this auction before the given time is over. Bidding list will be displayed in the auction bidding history. Whenever buyer post an offer, no buyer will be allowed to post any lower amount. End of the auction the highest bidder": "will be able to join in this auction before the given time is over. Bidding list will be displayed in the auction bidding history. Whenever buyer post an offer, no buyer will be allowed to post any lower amount. End of the auction the highest bidder",
    "will be chosen as the winner": "will be chosen as the winner",
    "you have been charged :currency :amount as you sold your product by :auction..": "you have been charged :currency :amount as you sold your product by :auction.."
}